{
    "user_id": 1,
    "timestamp": "20250430_211716",
    "detections": [
        {
            "box": {
                "x1": 206.62350463867188,
                "x2": 439.0687561035156,
                "y1": 57.5994873046875,
                "y2": 611.775146484375
            },
            "class": "rotten potato",
            "confidence": 0.8902976512908936
        }
    ],
    "image_size": {
        "height": 640,
        "width": 640
    },
    "image_path": "website/static/saved_results/saved_20250430_211716_upload_20250430_211652_rottenPotato-573-_jpg.rf.2dbb5073e7a434896f0a0792f67ab116.jpg",
    "dominant_produce": "rotten potato",
    "expiry_date": null,
    "storage_recommendation": null
}